product_id,Elasticity_Observations,Mean_Elasticity,Median_Elasticity,Min_Elasticity,Max_Elasticity,Abs_Median_Elasticity,Elasticity_Type,Reliability
bed1,3,3.795996921623484,-0.0,-22.615212520375202,34.003203285245654,0.0,Inelastic,Lower
bed2,7,-14.749337882710552,5.944067801393284,-203.1578457080407,35.02354156451468,5.944067801393284,Elastic,Moderate
bed3,5,-53.27372747730561,-19.15981446341974,-163.55555555555554,-0.0,19.15981446341974,Elastic,Moderate
bed4,3,-10.001601569964535,-11.475,-15.809595757009307,-2.7202089528842985,11.475,Elastic,Lower
bed5,4,-142.99248944631617,-126.95002125681175,-322.5,4.430084728358816,126.95002125681175,Elastic,Moderate
computers1,10,-70.93376057757283,-9.137466379774072,-354.6497728902702,7.908333333333334,9.137466379774072,Elastic,Higher
computers2,7,17.48243556638809,8.060606060606139,-21.101730027086976,117.60063329425641,8.060606060606139,Elastic,Moderate
computers3,8,184.3937810124437,0.8752566115203466,-201.12804878048948,1773.333333333266,0.8752566115203466,Inelastic,Higher
computers4,14,-86.3919412147345,-2.0225517097643135,-1279.519999999709,34.80857183963147,2.0225517097643135,Elastic,Higher
computers5,6,168.5259188352055,-3.0828799754110965,-1257.899999999714,2396.999999999455,3.0828799754110965,Elastic,Moderate
computers6,1,-706.6662931833789,-706.6662931833789,-706.6662931833789,-706.6662931833789,706.6662931833789,Elastic,Lower
consoles1,5,-87.20516824419228,0.0,-446.1875000000254,25.57198072080151,0.0,Inelastic,Moderate
consoles2,6,134.14874947590997,0.865972481781363,-4.450609752834995,802.9411859169613,0.865972481781363,Inelastic,Moderate
cool1,2,0.5311674454505906,0.5311674454505906,-4.936965106999028,5.999299997900209,0.5311674454505906,Inelastic,Lower
cool2,3,-300.24996666668363,-1.199899999999998,-899.550000000051,-0.0,1.199899999999998,Elastic,Lower
cool3,4,10766.262061403335,-230.22587719299557,-649.5000000000368,44174.99999999937,230.22587719299557,Elastic,Moderate
cool4,6,5389.856205231056,9.464004491826213,-20.859535595088307,32326.799999992647,9.464004491826213,Elastic,Moderate
cool5,2,11.641576648749384,11.641576648749384,1.4774614427391675,21.8056918547596,11.641576648749384,Elastic,Lower
furniture1,4,-181.72696251245407,-7.346782167745043,-712.2142857143263,-0.0,7.346782167745043,Elastic,Moderate
furniture2,5,-95.3950381052372,-3.419021739130435,-922.4615384615909,469.44794050019794,3.419021739130435,Elastic,Moderate
furniture3,5,-74.18532605957151,-32.680221806426374,-349.5000000000199,52.184873495427894,32.680221806426374,Elastic,Moderate
furniture4,2,-3.582476889047713,-3.582476889047713,-5.294542544019116,-1.8704112340763104,3.582476889047713,Elastic,Lower
garden1,11,-44.78313615258616,-9.156676656676654,-439.7600000000249,8.570571411430297,9.156676656676654,Elastic,Higher
garden10,7,-51.56833050840492,-0.4712962962962965,-348.27692394761857,12.0448275862069,0.4712962962962965,Inelastic,Moderate
garden2,5,20.642581090017988,3.381792519407201,-13.475,112.27500028068731,3.381792519407201,Elastic,Moderate
garden3,13,155.6686038969194,-2.0609542848016384,-26.668778801843324,2084.0000000001182,2.0609542848016384,Elastic,Higher
garden4,7,2.0622038900456756,1.0829448329448328,-9.92094863903702,25.189903688716694,1.0829448329448328,Elastic,Moderate
garden5,7,-15.757247625912736,-2.7447643986242856,-125.99999999999999,31.311175211252714,2.7447643986242856,Elastic,Moderate
garden6,8,-293.4252010629632,-5.822196142364865,-2495.0000000004966,174.026250087012,5.822196142364865,Elastic,Higher
garden7,8,444.8901203842032,-5.125411571614432,-12.849999999999998,3591.000000000204,5.125411571614432,Elastic,Higher
garden8,9,663.8446179177367,-3.174195945191127,-1199.5999999997273,7197.599999998363,3.174195945191127,Elastic,Higher
garden9,7,0.6027807454674937,3.562293957094709,-30.45836095127074,33.71022222222222,3.562293957094709,Elastic,Moderate
health1,1,-849.4000000000483,-849.4000000000483,-849.4000000000483,-849.4000000000483,849.4000000000483,Elastic,Lower
health10,6,-5.248353882860104,-10.437331518850854,-77.07531172069831,75.74792154742586,10.437331518850854,Elastic,Moderate
health2,2,29.646741134366145,29.646741134366145,-19.83695631213618,79.13043858086847,29.646741134366145,Elastic,Lower
health3,3,23.193842841330902,25.895213378942156,8.90660500012301,34.77971014492754,25.895213378942156,Elastic,Lower
health5,4,15.332483772896971,0.8687953720859043,-4.219205804558998,63.81155015197508,0.8687953720859043,Inelastic,Moderate
health6,3,1374.0835762481956,3.1789743589743646,-10.261578947368418,4129.333333332981,3.1789743589743646,Elastic,Lower
health7,3,-47.9098709067949,-36.74970215156398,-103.69916537626067,-3.2807451925600577,36.74970215156398,Elastic,Lower
health8,4,-1.209232252112732,0.42348235294117653,-8.475227047666614,2.7913333333333328,0.42348235294117653,Inelastic,Moderate
health9,3,-21.897581351640756,-5.640446453873394,-59.850000000003405,-0.2022976010454779,5.640446453873394,Elastic,Lower
perfumery1,3,1020.3450183149331,86.55428571428573,-21.919230769230772,2996.3999999997445,86.55428571428573,Elastic,Lower
perfumery2,10,-852.5816656959441,49.13774486393865,-8842.508842502537,590.0000000000335,49.13774486393865,Elastic,Higher
watches1,16,145.44823815763974,-7.847668614159912,-73.81662504696625,2465.9999999994393,7.847668614159912,Elastic,Higher
watches2,14,-62.052674796153546,-9.644165834585735,-608.2608695652069,56.72653061224549,9.644165834585735,Elastic,Higher
watches3,3,875.1466663172727,131.0399989516762,-623.6000000000355,3118.0000000001774,131.0399989516762,Elastic,Lower
watches4,2,8.330578360931636,8.330578360931636,-0.0,16.66115672186327,8.330578360931636,Elastic,Lower
watches5,9,2.595087679675691,-4.663282085355029,-16.099337073680587,38.25985870609475,4.663282085355029,Elastic,Higher
watches6,13,-4.979867465103374,-17.347660231242305,-993.999999999997,1281.9166670004374,17.347660231242305,Elastic,Higher
watches7,10,69.99096345005297,20.6019588965124,-36.65108089744917,426.23637887678024,20.6019588965124,Elastic,Higher
watches8,9,1.183887993245077,-4.468931635714311,-41.95561732267061,124.10524486717101,4.468931635714311,Elastic,Higher
