product_category_name,Products,Average_Quantity,Total_Quantity,Average_Unit_Price,Average_Total_Price
garden_tools,10,14.9875,2398,80.09469912275,1022.390875
health_beauty,10,14.169230769230769,1842,132.30986998661538,1633.9172307692306
watches_gifts,8,13.893203883495145,1431,164.88000698708737,2015.3608737864079
computers_accessories,6,16.91304347826087,1167,119.482322892029,2059.390579710145
bed_bath_table,5,16.81967213114754,1026,78.62927803639344,1558.7626229508198
furniture_decor,4,18.625,894,60.154262474583334,1185.9408333333333
cool_stuff,5,9.789473684210526,558,107.85751177614034,1016.7771929824562
perfumery,2,9.384615384615385,244,89.34881257692308,781.2507692307693
consoles_games,2,10.863636363636363,239,27.03376623363636,263.66818181818184
