month_year,Average_Unit_Price,Average_Quantity,Total_Quantity
2017-01-01,207.445,4.5,9
2017-02-01,127.82714285666667,3.888888888888889,35
2017-03-01,122.58661538461538,7.769230769230769,101
2017-04-01,119.28866666666666,8.066666666666666,121
2017-05-01,104.7857689095,11.1,222
2017-06-01,112.1520809524,9.32,233
2017-07-01,105.11189623545455,12.212121212121213,403
2017-08-01,114.73733949027027,13.378378378378379,495
2017-09-01,112.33631336388889,12.5,450
2017-10-01,113.62354433046511,12.790697674418604,550
2017-11-01,105.08935533136363,23.886363636363637,1051
2017-12-01,109.52670086159091,15.409090909090908,678
2018-01-01,109.68602450104167,18.041666666666668,866
2018-02-01,107.69042116897958,17.73469387755102,869
2018-03-01,101.80961607200001,16.48,824
2018-04-01,101.76298945979165,15.833333333333334,760
2018-05-01,100.16724903325,22.45,898
2018-06-01,97.0138029802381,11.285714285714286,474
2018-07-01,96.0167250545,10.675,427
2018-08-01,95.21647072105263,8.763157894736842,333
